<?xml version="1.0" encoding="UTF-8" standalone="yes"?>
<<<<<<< HEAD
<addon id="repository.digitalrevolution" name="Digital Revolution" version="0.1.0" provider-name="A2TheKay">
=======
<addon id="repository.digitalrevolution" name="Digital Revolution" version="0.0.8" provider-name="A2TheKay">
>>>>>>> 7afea60135d460eec65df170dde08f6b60f5f0e3
	<extension point="xbmc.addon.repository" name="Digital Revolution">
		<dir>
			<info compressed="false">https://raw.githubusercontent.com/noobsandnerds/modules4all/master/zips/addons.xml</info>
			<checksum>https://raw.githubusercontent.com/noobsandnerds/modules4all/master/zips/addons.xml.md5</checksum>
			<datadir zip="true">https://raw.githubusercontent.com/noobsandnerds/modules4all/master/zips/</datadir>
		</dir>
		<dir>
			<info compressed="false">https://raw.githubusercontent.com/totalrevolution/python-koding/master/zips/addons.xml</info>
			<checksum>https://raw.githubusercontent.com/totalrevolution/python-koding/master/zips/addons.xml.md5</checksum>
			<datadir zip="true">https://raw.githubusercontent.com/totalrevolution/python-koding/master/zips/</datadir>
		</dir>
		<dir>
			<info compressed="false">https://raw.githubusercontent.com/jsergio123/zips/master/addons.xml</info>
			<checksum>https://raw.githubusercontent.com/jsergio123/zips/master/addons.xml.md5</checksum>
			<datadir zip="true">https://raw.githubusercontent.com/jsergio123/zips/master/</datadir>
		</dir>
<<<<<<< HEAD
		<info compressed="false">https://raw.githubusercontent.com/kayaaron13/repository.digitalrevolution/master/zips/addons.xml</info>
		<checksum>https://raw.githubusercontent.com/kayaaron13/repository.digitalrevolution/master/zips/addons.xml.md5</checksum>
		<datadir zip="true">https://raw.githubusercontent.com/kayaaron13/repository.digitalrevolution/master/zips/</datadir>
=======
		<info compressed="false">https://gitlab.com/kayaaron13/repository.digitalrevolution/raw/master/zips/addons.xml</info>
		<checksum>https://gitlab.com/kayaaron13/repository.digitalrevolution/raw/master/zips/addons.xml.md5</checksum>
		<datadir zip="true">https://gitlab.com/kayaaron13/repository.digitalrevolution/tree/master/zips</datadir>
>>>>>>> 7afea60135d460eec65df170dde08f6b60f5f0e3
	</extension>
	<extension point="xbmc.addon.metadata">
		<summary lang="en">Videos For Your Entertainment </summary>
		<description lang="en">Videos For Your Entertainment </description>
		<genre>comedy,devtools,documentary,howto,movies,music,podcasts,sports,tech,tvshows,uk,usa</genre>
	</extension>
</addon>