<dir>
  <title>7mate</title>
  <tmdb>network/shows/1721</tmdb>
  <thumbnail></thumbnail>
  <fantart></fantart>
</dir>

<dir>
  <title>Animal Planet</title>
  <tmdb>network/shows/91</tmdb>
  <thumbnail></thumbnail>
  <fantart></fantart>
</dir>

<dir>
  <title>Australian Broadcasting Company</title>
  <tmdb>network/shows/18</tmdb>
  <thumbnail></thumbnail>
  <fantart></fantart>
</dir>

<dir>
  <title>BBC</title>
  <tmdb>network/shows/3</tmdb>
  <thumbnail></thumbnail>
  <fantart></fantart>
</dir>

<dir>
  <title>BBC One</title>
  <tmdb>network/shows/4</tmdb>
  <thumbnail>http://bit.ly/2Bs0x4M</thumbnail>
  <fantart>http://bit.ly/2BtnC7e</fantart>
</dir>

<dir>
  <title>BBC Two</title>
  <tmdb>network/shows/332</tmdb>
  <thumbnail>http://bit.ly/2Bs0x4M</thumbnail>
  <fantart>http://bit.ly/2BtnC7e</fantart>
</dir>

<dir>
  <title>British Broadcasting Corporation</title>
  <tmdb>network/shows/7</tmdb>
  <thumbnail></thumbnail>
  <fantart></fantart>
</dir>

<dir>
  <title>Bravo</title>
  <tmdb>network/shows/312</tmdb>
  <thumbnail></thumbnail>
  <fantart></fantart>
</dir>

<dir>
  <title>Cartoon Network</title>
  <tmdb>network/shows/56</tmdb>
  <thumbnail></thumbnail>
  <fantart></fantart>
</dir>

<dir>
  <title>Channel 4</title>
  <tmdb>network/shows/26</tmdb>
  <thumbnail></thumbnail>
  <fantart></fantart>
</dir>

<dir>
  <title>CNBC</title>
  <tmdb>network/shows/175</tmdb>
  <thumbnail></thumbnail>
  <fantart></fantart>
</dir>

<dir>
  <title>CNN</title>
  <tmdb>network/shows/59</tmdb>
  <thumbnail></thumbnail>
  <fantart></fantart>
</dir>

<dir>
  <title>Dave</title>
  <tmdb>network/shows/388</tmdb>
  <thumbnail></thumbnail>
  <fantart></fantart>
</dir>

<dir>
  <title>Destination America</title>
  <tmdb>network/shows/530</tmdb>
  <thumbnail></thumbnail>
  <fantart></fantart>
</dir>

<dir>
  <title>Discovery Channel Australia</title>
  <tmdb>network/shows/2087</tmdb>
  <thumbnail></thumbnail>
  <fantart></fantart>
</dir>

<dir>
  <title>Discovery Science</title>
  <tmdb>network/shows/1257</tmdb>
  <thumbnail></thumbnail>
  <fantart></fantart>
</dir>

<dir>
  <title>Disney Channel</title>
  <tmdb>network/shows/54</tmdb>
  <thumbnail></thumbnail>
  <fantart></fantart>
</dir>

<dir>
  <title>DIY Network</title>
  <tmdb>network/shows/625</tmdb>
  <thumbnail></thumbnail>
  <fantart></fantart>
</dir>

<dir>
  <title>DMax</title>
  <tmdb>network/shows/1113</tmdb>
  <thumbnail></thumbnail>
  <fantart></fantart>
</dir>

<dir>
  <title>FYI</title>
  <tmdb>network/shows/1080</tmdb>
  <thumbnail></thumbnail>
  <fantart></fantart>
</dir>

<dir>
  <title>HGTV</title>
  <tmdb>network/shows/210</tmdb>
  <thumbnail></thumbnail>
  <fantart></fantart>
</dir>

<dir>
  <title>History</title>
  <tmdb>network/shows/238</tmdb>
  <thumbnail></thumbnail>
  <fantart></fantart>
</dir>

<dir>
  <title>Investigation Discovery</title>
  <tmdb>network/shows/244</tmdb>
  <thumbnail></thumbnail>
  <fantart></fantart>
</dir>

<dir>
  <title>ITV</title>
  <tmdb>network/shows/9</tmdb>
  <thumbnail></thumbnail>
  <fantart></fantart>
</dir>

<dir>
  <title>The Lifestyle Channel</title>
  <tmdb>network/shows/683</tmdb>
  <thumbnail></thumbnail>
  <fantart></fantart>
</dir>

<dir>
  <title>More4</title>
  <tmdb>network/shows/298</tmdb>
  <thumbnail></thumbnail>
  <fantart></fantart>
</dir>

<dir>
  <title>The Movie Network</title>
  <tmdb>network/shows/245</tmdb>
  <thumbnail></thumbnail>
  <fantart></fantart>
</dir>

<dir>
  <title>Nat Geo Wild</title>
  <tmdb>network/shows/1043</tmdb>
  <thumbnail></thumbnail>
  <fantart></fantart>
</dir>

<dir>
  <title>National Geographic Channel</title>
  <tmdb>network/shows/799</tmdb>
  <thumbnail></thumbnail>
  <fantart></fantart>
</dir>

<dir>
  <title>NBC</title>
  <tmdb>network/shows/6</tmdb>
  <thumbnail></thumbnail>
  <fantart></fantart>
</dir>

<dir>
  <title>Network 10</title>
  <tmdb>network/shows/1077</tmdb>
  <thumbnail></thumbnail>
  <fantart></fantart>
</dir>

<dir>
  <title>PBS</title>
  <tmdb>network/shows/14</tmdb>
  <thumbnail></thumbnail>
  <fantart></fantart>
</dir>

<dir>
  <title>SBS One</title>
  <tmdb>network/shows/329</tmdb>
  <thumbnail></thumbnail>
  <fantart></fantart>
</dir>

<dir>
  <title>Sky Living</title>
  <tmdb>network/shows/115</tmdb>
  <thumbnail></thumbnail>
  <fantart></fantart>
</dir>

<dir>
  <title>Spike</title>
  <tmdb>network/shows/55</tmdb>
  <thumbnail></thumbnail>
  <fantart></fantart>
</dir>

<dir>
  <title>Television New Zealand</title>
  <tmdb>network/shows/73</tmdb>
  <thumbnail></thumbnail>
  <fantart></fantart>
</dir>

<dir>
  <title>Travel Channel</title>
  <tmdb>network/shows/209</tmdb>
  <thumbnail></thumbnail>
  <fantart></fantart>
</dir>






























