<?xml version="1.0" encoding="UTF-8" standalone="yes"?>
<addon id="plugin.video.thedeadzone" name="The Dead Zone" version="0.4" provider-name="A2TheKay--midraal">
    <requires>
        <import addon="xbmc.python" version="2.19.0" />
        <import addon="script.module.nanscrapers" version="0.5.5" />
        <import addon="script.module.python.koding.aio" version="0.9.6.6" />
        <import addon="script.module.beautifulsoup" version="3.2.1" />
        <import addon="script.module.requests" version="2.9.1" />
        <import addon="script.module.addon.common" version="2.0.0" />
        <import addon="script.module.thetvdb" version="0.0.1" />
        <import addon="script.module.xmltodict" version="0.9.0" />
        <!--<import addon="script.module.web-pdb" version="1.0"/>-->
        <import addon="script.module.resolveurl" />
    </requires>
    <extension point="xbmc.python.pluginsource" library="default.py">
        <provides>video</provides>
    </extension>
    <extension point="xbmc.service" library="service.py" start="[login|startup]" />
    <extension point="xbmc.addon.metadata">
        <summary lang="en">Welcome To The Dead Zone</summary>
        <description lang="en">Horror Video Addon built on the Jen Template.  Special thanks to Midraal for the creation of the Jen template. Also a thanks goes to Blue and Dabutcher for the awesome tutorials.</description>
        <platform>all</platform>
        <website>www.noobsandnerds.com</website>
        <video_guide>xtOqLY5PJDY</video_guide>
    </extension>
</addon>
