"""
#####EXAMPLES#####
### NEW FEATURES ADDED ###
- <imdburl>user/ur19947955/lists</imdburl>	  	# Now if you have a IMDB account with lists. Add your user ID like this and it will grab all public list on your account
- <imdburl>searchboth</imdburl>					# Search Movies and TV Shows in same search
- <imdburl>searchkeywords</imdburl>				# Search Keywords in iMDB

### NEW FEATURES ADDED ###
- <imdburl>user/ur19947955/lists</imdburl>	  	# Now if you have a IMDB account with lists. Add your user ID like this and it will grab all public list on your account
- <imdburl>searchboth</imdburl>					# Search Movies and TV Shows in same search
- <imdburl>searchkeywords</imdburl>				# Search Keywords in iMDB


###genres just switch out key word 
<dir>
<title>IMDB Action TV Shows</title>
<imdburl>genrestv/action</imdburl>
</dir>

<dir>
<title>IMDB Action Movies</title>
<imdburl>genres/action</imdburl>
</dir>

###Movies
<dir>
<title>Chart Moviemeter</title>
<imdburl>chart/moviemeter</imdburl>
</dir>

<dir>
<title>Chart Best Rated</title>
<imdburl>chart/top</imdburl>
</dir>

###switch out year
<dir>
<title>IMDB 2017</title>
<imdburl>years/2017</imdburl>
</dir>

###Tv show
<dir>
<title>Popular TV</title>
<imdburl>charttv/tvmeter</imdburl>

"""