<?xml version="1.0" encoding="UTF-8" standalone="yes"?>
<addon id="plugin.program.digitalrevolutionwizard" name="Digital Revolution Wizard" version="0.2" provider-name="A2TheKay">
  <requires>
    <import addon="xbmc.python" version="2.1.0"/>
  </requires>
  <extension point="xbmc.python.pluginsource" library="default.py">
    <provides>executable</provides>
  </extension>
  <extension point="xbmc.service" library="startup.py" start="startup" />
  <extension point="xbmc.addon.metadata">
    <summary lang="en">Digital Revolution Wizard</summary>
    <description lang="en">Your One Stop Shop For All Your Kodi Needs.</description>
    <platform>all</platform>
  </extension>
</addon>