<?xml version="1.0" encoding="UTF-8" standalone="yes"?>
<addon id="repository.digitalrevolution" name="Digital Revolution" version="0.0.1" provider-name="A2TheKay">
	<extension point="xbmc.addon.repository" name="Digital Revolution">
		<dir>
			<info compressed="false">https://raw.githubusercontent.com/noobsandnerds/modules4all/master/zips/addons.xml</info>
			<checksum>https://raw.githubusercontent.com/noobsandnerds/modules4all/master/zips/addons.xml.md5</checksum>
			<datadir zip="true">https://raw.githubusercontent.com/noobsandnerds/modules4all/master/zips/</datadir>
		</dir>
		<info compressed="false">https://raw.githubusercontent.com/kayaaron13/repository.digitalrevolution/master/zips/addons.xml</info>
		<checksum>https://raw.githubusercontent.com/kayaaron13/repository.digitalrevolution/master/zips/addons.xml.md5</checksum>
		<datadir zip="true">https://raw.githubusercontent.com/kayaaron13/repository.digitalrevolution/master/zips/</datadir>
	</extension>
	<extension point="xbmc.addon.metadata">
		<summary lang="en">Videos For Your Entertainment </summary>
		<description lang="en">Videos For Your Entertainment </description>
		<genre>comedy,devtools,documentary,howto,movies,music,podcasts,sports,tech,tvshows,uk,usa</genre>
	</extension>
</addon>